Id,y
10000,-66.0024234902
10001,451.406504401
10002,-461.67641706
10003,40.5012087537
10004,-126.744722454
10005,-342.534551819
10006,-396.555542114
10007,335.541279079
10008,-99.5124208706
10009,304.812539806
10010,68.8945304898
10011,412.369195456
10012,54.9423710248
10013,-17.0055507548
10014,-597.849957572
10015,443.502288786
10016,144.774486978
10017,-57.4111636725
10018,134.387827577
10019,-108.983775989
10020,153.824828425
10021,611.735983602
10022,588.389650338
10023,-131.016799958
10024,-61.1356211412
10025,-374.248495317
10026,74.1579930797
10027,137.438378736
10028,420.086611797
10029,196.765625713
10030,268.442849801
10031,638.474910251
10032,127.378731387
10033,1.3491187584
10034,22.7104531774
10035,342.239534523
10036,307.703966974
10037,348.138208701
10038,-168.652861307
10039,-20.2211309046
10040,-551.749927573
10041,-429.971804067
10042,261.891958707
10043,389.820426129
10044,-96.1656222736
10045,-210.710801256
10046,278.881868784
10047,-427.453301031
10048,-172.903252918
10049,467.264378356
10050,-631.558735587
10051,-355.531659338
10052,143.173275539
10053,69.1992025989
10054,275.588273977
10055,-263.188612204
10056,167.498307232
10057,104.57789589
10058,230.07008661
10059,20.9880266446
10060,-4.8225812625
10061,-201.922940811
10062,560.063926566
10063,55.2884762524
10064,671.301574692
10065,-493.748738285
10066,-279.353036733
10067,-53.7125276131
10068,379.698195501
10069,315.071410858
10070,169.130017326
10071,-271.599303269
10072,783.802222675
10073,44.5773115155
10074,57.4067800546
10075,-161.078274143
10076,-220.669578479
10077,223.241294429
10078,352.665595544
10079,13.1632913663
10080,-461.994146986
10081,305.372146691
10082,-230.596561739
10083,359.074443243
10084,-430.260563376
10085,-115.548822055
10086,-88.9600638787
10087,-488.290189808
10088,-139.350338547
10089,57.3388081085
10090,-190.336242722
10091,-6.50809291482
10092,189.291077747
10093,346.603678186
10094,871.627320649
10095,-147.013537387
10096,443.489937779
10097,-30.4984329744
10098,185.463457534
10099,-119.917171517
10100,43.5752380018
10101,58.3185715522
10102,-197.152468298
10103,-70.4716067884
10104,-342.846053289
10105,-29.2335898737
10106,49.5229292961
10107,-16.2461441379
10108,33.7750692616
10109,-68.8830774832
10110,25.8633994937
10111,-617.314284272
10112,-185.904413012
10113,323.783106109
10114,-35.6621957221
10115,-733.529771161
10116,-240.738562647
10117,-381.973146624
10118,75.3199446217
10119,36.6103264591
10120,-28.756270225
10121,-481.160627969
10122,408.850230423
10123,-765.021747199
10124,178.072696516
10125,-7.64987938567
10126,134.796846234
10127,-477.458514213
10128,-248.706253013
10129,-361.884657224
10130,-18.7556117486
10131,7.79560437443
10132,-109.105989725
10133,-63.0737452422
10134,591.823183735
10135,259.612633697
10136,-279.865832009
10137,93.2253594005
10138,-427.287315419
10139,84.3865663309
10140,-311.544630644
10141,11.4192686126
10142,-297.831468424
10143,-331.928970969
10144,656.013230526
10145,-476.662681365
10146,361.194045134
10147,-150.185268612
10148,299.946719024
10149,-191.721432193
10150,151.949995116
10151,-64.6727578158
10152,351.244861631
10153,-370.636445756
10154,349.224981786
10155,273.524609617
10156,783.19718432
10157,-124.237889736
10158,-155.22004433
10159,-506.955649386
10160,201.693212386
10161,-415.17405716
10162,-348.16510517
10163,-201.952241087
10164,-658.950447053
10165,179.346401682
10166,124.069258162
10167,-209.150253552
10168,213.705134774
10169,-82.1172102381
10170,-97.1102698973
10171,124.268005746
10172,50.2899156571
10173,538.743959281
10174,630.017534554
10175,217.259277827
10176,-491.733741327
10177,-131.141751139
10178,362.393022417
10179,-14.3630380554
10180,-30.2617573617
10181,-107.323580767
10182,-334.06259293
10183,299.506399646
10184,-103.472214845
10185,179.820499467
10186,122.200708879
10187,86.5803716169
10188,386.482560567
10189,-613.361174505
10190,-269.816387383
10191,260.731451262
10192,-44.6201612804
10193,-159.157175764
10194,-145.245598794
10195,447.228214876
10196,476.35698597
10197,121.794213453
10198,-1.53567905611
10199,410.744096539
10200,90.8280997996
10201,150.073369568
10202,24.0336529615
10203,273.886634054
10204,-154.52926038
10205,42.5889015071
10206,617.341706317
10207,38.9393607614
10208,-91.4361011949
10209,225.353274774
10210,151.058275771
10211,-86.9166477365
10212,-101.71788958
10213,161.937765026
10214,357.870414104
10215,32.1459781866
10216,-379.1453992
10217,-165.942132224
10218,257.453921695
10219,-124.838507792
10220,47.084514723
10221,-67.0506513898
10222,287.173344134
10223,836.26742777
10224,-78.7332926021
10225,-293.009229152
10226,284.916326462
10227,377.951432008
10228,-473.94261959
10229,-538.809454977
10230,-372.904750403
10231,-83.3770088997
10232,157.462059519
10233,167.502914562
10234,-105.690405743
10235,561.161687918
10236,-149.355318957
10237,196.966805124
10238,-33.8199117276
10239,5.19941988234
10240,-121.708422961
10241,53.4735798174
10242,531.291893841
10243,-157.602622589
10244,-183.771962393
10245,643.832246426
10246,17.7803060101
10247,-92.0793971946
10248,485.493164605
10249,-221.236578608
10250,490.606505048
10251,-43.6771591543
10252,139.933229871
10253,207.504474428
10254,17.0926470244
10255,-396.472033161
10256,-168.301667615
10257,-75.5932410012
10258,-292.073507801
10259,-59.3736653466
10260,247.369047064
10261,206.831127582
10262,17.4624644641
10263,-181.811485007
10264,300.176150945
10265,-567.638724796
10266,311.593272853
10267,-9.92951183549
10268,161.407823045
10269,272.38559923
10270,55.1224574194
10271,-15.2782674122
10272,286.402301943
10273,387.888611943
10274,-148.578888636
10275,171.952352448
10276,-411.570592223
10277,213.802538271
10278,133.930024374
10279,-99.0171775012
10280,-162.417242246
10281,-39.0741901135
10282,-295.158452183
10283,141.324813544
10284,163.059830053
10285,-55.4554014624
10286,-145.740676094
10287,16.3504624364
10288,-364.298558483
10289,558.663018738
10290,40.050661219
10291,67.637345043
10292,559.840084655
10293,469.806947157
10294,-149.499801055
10295,-328.8227867
10296,425.771317047
10297,85.5046624118
10298,-166.915537056
10299,-662.298407039
10300,50.280391653
10301,-11.355718333
10302,-451.81126445
10303,78.6728331341
10304,-386.818799917
10305,-273.227383052
10306,352.01504544
10307,-263.848040918
10308,-214.730222994
10309,-84.8811548974
10310,745.883279125
10311,-418.975108452
10312,739.199125166
10313,-469.077426353
10314,481.829844866
10315,363.207974787
10316,-270.253041821
10317,-399.592124716
10318,234.457280307
10319,-38.7346935703
10320,238.368748719
10321,28.6974419902
10322,238.23095786
10323,-130.0074403
10324,-681.294561779
10325,61.5806529595
10326,-444.929850671
10327,-14.7132083928
10328,680.476782343
10329,288.732606494
10330,839.970490156
10331,416.657476519
10332,167.356037289
10333,-86.7795378671
10334,332.7699676
10335,-201.334430934
10336,-43.6250829878
10337,-107.902377796
10338,-284.035738025
10339,232.608557178
10340,237.833151715
10341,74.3998056772
10342,255.517704064
10343,-168.649619286
10344,68.5633460163
10345,-365.441981725
10346,189.706498861
10347,-369.833249767
10348,-250.900243902
10349,76.3135501962
10350,-344.945509234
10351,-187.423393268
10352,482.169756983
10353,125.752669729
10354,450.691943752
10355,216.176190182
10356,34.3419357193
10357,57.5114559612
10358,-211.419498947
10359,49.7624918095
10360,76.1110402076
10361,-29.1962544904
10362,33.0489585287
10363,364.562712163
10364,234.482809873
10365,-21.7965548591
10366,-476.937877048
10367,43.567658993
10368,-310.957213665
10369,-46.941116226
10370,181.195581071
10371,-214.96242982
10372,-80.2270603152
10373,841.208229166
10374,102.356787086
10375,37.2977380469
10376,77.3981827596
10377,435.794521494
10378,111.394792652
10379,-128.829224154
10380,573.050121058
10381,48.6024680779
10382,-68.5541465922
10383,56.6816245058
10384,-360.309931999
10385,131.901922835
10386,-264.525897633
10387,-378.793249725
10388,-190.0992926
10389,862.915213041
10390,159.576496662
10391,514.02046358
10392,61.3876678034
10393,720.875895833
10394,-450.97673104
10395,105.89444212
10396,-27.532603044
10397,-23.4355619668
10398,331.205998295
10399,-156.024563948
10400,0.94770183856
10401,17.2324051653
10402,143.23908417
10403,53.2264513907
10404,41.0133492698
10405,-129.392551468
10406,430.916521046
10407,-427.909619657
10408,49.1140048521
10409,-221.647580389
10410,-313.759712187
10411,115.244522447
10412,96.1009720445
10413,-399.915984942
10414,-8.41140792356
10415,733.184132437
10416,-332.426766492
10417,83.6761204219
10418,339.792748655
10419,-35.1157013145
10420,38.2043354339
10421,-606.198489056
10422,194.272853389
10423,155.031551162
10424,-111.256477873
10425,-63.3393716365
10426,403.935818729
10427,690.919430336
10428,75.7812994364
10429,-340.315406524
10430,-195.761595427
10431,40.4451387088
10432,-137.65418796
10433,-95.6747965895
10434,290.843537873
10435,568.464681347
10436,351.218650754
10437,194.715166582
10438,-312.150842087
10439,-518.310786872
10440,-80.7515804806
10441,-109.910538306
10442,491.410836475
10443,371.48514486
10444,343.856644668
10445,114.607853974
10446,-315.20442191
10447,83.1039650931
10448,-82.5991510177
10449,-182.219027225
10450,-294.917292451
10451,-294.210555315
10452,611.547041736
10453,-34.7561341036
10454,-115.041576901
10455,263.279337902
10456,346.056512093
10457,194.611615269
10458,257.356149638
10459,-303.208094927
10460,-173.195910857
10461,-88.5398344858
10462,137.601612
10463,337.048649278
10464,155.725234604
10465,-250.290792905
10466,148.063400151
10467,333.682188609
10468,-260.336392383
10469,340.307909228
10470,224.685355713
10471,-607.279717062
10472,-54.8595929409
10473,-685.091081726
10474,268.258270779
10475,108.797435634
10476,-233.167617173
10477,115.890881579
10478,75.288754615
10479,312.58695394
10480,78.4259070468
10481,-509.63079644
10482,142.152945785
10483,-567.60967446
10484,99.1978441101
10485,181.765693647
10486,-27.4070983944
10487,-646.821050816
10488,-261.63281625
10489,-398.876889198
10490,-259.410752056
10491,-252.057403568
10492,-25.6479672273
10493,-479.357949423
10494,109.91068619
10495,161.942579691
10496,-436.80717424
10497,-66.0122044226
10498,-73.6053826541
10499,51.0027394462
10500,7.60968103216
10501,-38.3904867311
10502,493.595970607
10503,-303.449080544
10504,285.363058761
10505,236.930821219
10506,-112.902887382
10507,-104.916397054
10508,70.1107117202
10509,-334.402180775
10510,-526.152061351
10511,26.6951266815
10512,16.6250768789
10513,-282.623918686
10514,-156.764389223
10515,-368.703852401
10516,87.266983884
10517,9.62196144939
10518,159.338554334
10519,737.83543619
10520,-63.5256148968
10521,253.392345404
10522,-195.47926226
10523,-233.604062757
10524,672.04300276
10525,161.026478116
10526,-86.9238858838
10527,767.449937632
10528,300.143454702
10529,-264.633262121
10530,506.806922498
10531,413.732575786
10532,-227.955654205
10533,270.721821918
10534,166.272145388
10535,467.835946995
10536,691.014192741
10537,-235.195501626
10538,-204.494756338
10539,235.565499026
10540,481.50822899
10541,-404.286371626
10542,499.634598879
10543,-280.423624284
10544,349.635357013
10545,56.2792185593
10546,377.7838242
10547,58.2392941251
10548,424.299812175
10549,85.8004124415
10550,-252.992888525
10551,172.867844955
10552,-190.106600206
10553,306.964286524
10554,-179.117664933
10555,-155.77590494
10556,-208.752570579
10557,-257.42597802
10558,-187.887080458
10559,178.959685898
10560,769.299424607
10561,131.454004956
10562,-86.3360584773
10563,-440.789694129
10564,522.206337842
10565,74.2604453706
10566,-273.345190808
10567,23.8854832027
10568,-140.886190117
10569,337.441893325
10570,63.425120244
10571,-78.1210436056
10572,-209.415961506
10573,-354.302216996
10574,261.549589407
10575,252.784753035
10576,415.332793496
10577,-341.410621775
10578,-101.543065617
10579,-82.9800373443
10580,-146.191859451
10581,-400.957009509
10582,114.688101615
10583,-318.409449173
10584,-27.1286511132
10585,253.39206355
10586,-15.1615972359
10587,490.276310157
10588,67.1605541552
10589,-583.653630161
10590,566.829222781
10591,-659.784020611
10592,-280.344586577
10593,-618.484957603
10594,-403.081521772
10595,52.5807958678
10596,154.137247818
10597,-187.187245886
10598,45.064322864
10599,389.869802459
10600,497.494427701
10601,-172.604661457
10602,-199.488048307
10603,146.332135405
10604,-745.931421182
10605,-230.935782347
10606,-157.737688235
10607,170.555856722
10608,58.5281957913
10609,21.7782353771
10610,-33.8454323886
10611,527.011532145
10612,370.359793248
10613,-83.7088492934
10614,-297.866781828
10615,379.630041641
10616,-194.499818679
10617,-59.0811542392
10618,-59.0507414561
10619,-265.795331041
10620,-488.324214845
10621,-28.1333168151
10622,-110.897242517
10623,642.519819874
10624,-25.1049582456
10625,368.27465472
10626,274.799213527
10627,416.526129336
10628,110.57324868
10629,561.378352052
10630,497.143762116
10631,-201.609877345
10632,-370.052298262
10633,731.057372424
10634,-380.137079155
10635,-200.602515505
10636,272.086011894
10637,269.840589911
10638,-243.563995085
10639,-80.6420943459
10640,-467.977012899
10641,384.103309172
10642,-158.514640764
10643,-321.142908979
10644,-72.3070981216
10645,244.896501049
10646,-111.766879899
10647,-71.3035416163
10648,-97.1490053451
10649,387.992852944
10650,134.079760825
10651,-372.724539718
10652,-153.897348914
10653,376.055724678
10654,-45.0669997273
10655,29.1110242016
10656,-164.388413714
10657,291.380287557
10658,-389.642908989
10659,-145.453813661
10660,276.506141993
10661,-134.093810917
10662,82.9481115548
10663,143.773370611
10664,230.85377823
10665,649.898046991
10666,188.100114104
10667,170.772216144
10668,-533.847484479
10669,-516.134968825
10670,-356.786974672
10671,480.903743206
10672,-54.5359929617
10673,-272.66057204
10674,-89.1636934198
10675,-97.400040825
10676,-264.298037751
10677,-558.851675961
10678,-18.2231739898
10679,238.683378588
10680,-107.496826879
10681,-439.737149692
10682,-366.08737762
10683,540.474402292
10684,-335.91922954
10685,128.984813647
10686,-360.465059278
10687,-211.014586568
10688,115.703836054
10689,-723.633356225
10690,380.893922106
10691,24.3009698058
10692,-145.387614527
10693,-157.282956179
10694,134.103360037
10695,215.957100771
10696,-310.206163734
10697,18.0188836938
10698,-287.16969473
10699,-244.828889436
10700,-126.151906321
10701,-276.851033697
10702,-63.9028231954
10703,-268.290741984
10704,80.9906061871
10705,135.491976491
10706,265.861717371
10707,290.153389319
10708,72.8575070699
10709,-88.6450183828
10710,-562.523801709
10711,-257.968591665
10712,-88.3281877323
10713,-608.904891355
10714,16.6481298469
10715,-117.996641445
10716,244.488135858
10717,60.9613206465
10718,640.850472611
10719,15.0735926587
10720,135.006444305
10721,39.5233745332
10722,86.4456057413
10723,20.3376546155
10724,217.442420232
10725,-8.57484599025
10726,172.397587317
10727,-326.003748773
10728,347.581340724
10729,128.958039091
10730,-379.750088613
10731,-134.706957057
10732,153.568885143
10733,-72.122786089
10734,183.308488306
10735,-456.538776191
10736,152.275301626
10737,-20.6582805991
10738,245.622328355
10739,776.400972823
10740,-320.14345296
10741,-479.319708285
10742,-69.7543486029
10743,-372.010453196
10744,397.282247382
10745,94.9729302515
10746,-545.870093985
10747,92.717330848
10748,456.623246799
10749,140.335196292
10750,-542.616784503
10751,33.2561784731
10752,237.545553119
10753,-260.514780604
10754,-227.741178049
10755,-18.3742079446
10756,357.232079358
10757,234.168663224
10758,309.049490865
10759,109.416209073
10760,297.046277195
10761,431.28271869
10762,-285.902754152
10763,-461.123185061
10764,458.84116852
10765,-35.1324786579
10766,-138.966778673
10767,435.878111354
10768,-327.551732481
10769,-16.1758422256
10770,32.687383151
10771,-143.110360936
10772,-82.9116379682
10773,-26.3958495791
10774,-295.906542484
10775,-300.944551309
10776,-157.037461761
10777,-444.105425171
10778,55.5429592337
10779,136.095733434
10780,-59.9342344141
10781,774.786939356
10782,-291.821469403
10783,449.654513358
10784,-231.200824913
10785,88.1805884041
10786,511.682381616
10787,27.6989139919
10788,69.7190034308
10789,-684.030428675
10790,-181.165754189
10791,-592.285683532
10792,-326.372304491
10793,527.573955431
10794,-175.982232289
10795,555.327324326
10796,-40.0621925695
10797,-242.909611844
10798,466.475009832
10799,209.726578218
10800,112.473990286
10801,655.959709211
10802,-253.672882014
10803,-143.140064369
10804,261.909033449
10805,-51.430524621
10806,-646.534371493
10807,-114.117306455
10808,126.14931118
10809,204.593462859
10810,-300.393613658
10811,-415.68674589
10812,6.44915288428
10813,72.8010777748
10814,160.660872081
10815,249.311689292
10816,-248.285345247
10817,7.83062992261
10818,-466.383827017
10819,290.151444045
10820,-309.033206563
10821,528.691661196
10822,372.493847932
10823,-328.08626631
10824,-94.6587340773
10825,55.5691941405
10826,67.3438241903
10827,-533.668381249
10828,-128.108633503
10829,-542.994858446
10830,54.6346396726
10831,182.660434833
10832,-41.2994857309
10833,652.812763392
10834,-336.965780738
10835,99.9628201977
10836,811.790016337
10837,-346.252116065
10838,103.690879601
10839,487.736081263
10840,120.895691014
10841,-324.329674054
10842,-136.412129712
10843,-41.924430031
10844,282.70298658
10845,345.62032897
10846,124.697985348
10847,-206.113352834
10848,155.939985832
10849,-443.767229943
10850,-273.343003401
10851,195.950330819
10852,-30.6900408514
10853,86.5677865982
10854,-312.211361889
10855,41.0052469615
10856,307.6751802
10857,532.905949421
10858,260.161680563
10859,362.005507534
10860,101.328981202
10861,38.4412961399
10862,20.2676747539
10863,117.440249881
10864,573.691182708
10865,-507.592058515
10866,-211.76962671
10867,-78.3998974043
10868,-319.57376766
10869,-267.446564418
10870,-780.857031968
10871,50.2299805564
10872,-298.549010817
10873,23.3923865231
10874,-76.2905974101
10875,-257.597470464
10876,171.564365098
10877,-121.600783162
10878,-451.373776855
10879,81.1353388427
10880,-212.552493171
10881,-3.5349272291
10882,-408.255481
10883,-158.651331945
10884,238.398342016
10885,-133.035723274
10886,-266.084082606
10887,247.742704382
10888,347.966544283
10889,-511.315242811
10890,21.815871215
10891,-163.841409642
10892,-472.560836397
10893,-365.008267151
10894,272.437137932
10895,92.3737637489
10896,491.808145685
10897,-200.036058136
10898,144.31490825
10899,-554.35805242
10900,-449.357557894
10901,565.01548018
10902,446.318758075
10903,309.697388187
10904,282.927941408
10905,176.19762819
10906,-315.14185176
10907,612.337793115
10908,274.252231248
10909,-19.4361730586
10910,404.625447771
10911,47.266481427
10912,101.89624081
10913,98.1480956278
10914,-231.352582444
10915,136.336123192
10916,-150.310059268
10917,461.199549979
10918,145.690158884
10919,-405.823741876
10920,-405.552565875
10921,213.673943651
10922,-204.803640273
10923,-118.570637911
10924,675.230264829
10925,145.161987869
10926,489.68700202
10927,-173.765574594
10928,89.6916846528
10929,239.011791542
10930,-68.1800006866
10931,93.6667756151
10932,-196.55301722
10933,-711.75344472
10934,-104.150239911
10935,55.7300395012
10936,74.2403505848
10937,625.749590877
10938,234.986884869
10939,221.592947939
10940,61.9315917568
10941,239.736448334
10942,-21.3380818183
10943,180.164736297
10944,14.9186279955
10945,-374.865688348
10946,-397.514928858
10947,114.666908432
10948,-269.616228799
10949,0.139212214491
10950,-34.5948467607
10951,72.7340212267
10952,-188.805563139
10953,-365.533671923
10954,-67.5955225543
10955,19.5011701392
10956,212.782590138
10957,170.722846883
10958,48.756055882
10959,-239.446522792
10960,409.738205155
10961,399.86800565
10962,18.69310046
10963,165.76697196
10964,-124.389453497
10965,54.9945232128
10966,640.432074565
10967,7.57879273555
10968,-265.04763041
10969,1.69273309109
10970,18.5171336213
10971,-248.851639302
10972,106.861931547
10973,251.639143121
10974,133.837739536
10975,-358.266961377
10976,426.261447318
10977,71.9784224697
10978,-322.087559625
10979,438.840267502
10980,-40.1321144913
10981,283.803568653
10982,-487.906195333
10983,-86.9330282521
10984,-470.850151092
10985,73.1464827732
10986,-688.390098941
10987,392.478567566
10988,-328.631037496
10989,149.391600635
10990,321.793114761
10991,584.393087045
10992,206.7572957
10993,36.548225997
10994,-37.7782852112
10995,-551.051709465
10996,-107.851203878
10997,-176.806027954
10998,-356.889491173
10999,418.414584112
11000,-26.133496017
11001,-213.909513628
11002,246.57978882
11003,-32.0110249497
11004,-126.732588496
11005,26.9144915576
11006,198.921973763
11007,-18.8435544147
11008,-119.514846076
11009,-389.903760531
11010,-149.509286071
11011,-308.962030215
11012,-478.777160414
11013,-616.729141252
11014,-25.8908296114
11015,-133.176590317
11016,-633.058725229
11017,-32.2632947456
11018,28.7958195817
11019,-290.001323641
11020,-168.024965392
11021,-173.84102002
11022,107.279554152
11023,278.328785207
11024,164.736651816
11025,596.786019951
11026,737.780217717
11027,-57.0443987039
11028,-20.3819130279
11029,193.1114083
11030,150.952422204
11031,-340.877925856
11032,207.556570247
11033,-27.6747261259
11034,-146.951657366
11035,-121.880668296
11036,144.47950533
11037,333.209531679
11038,-452.513120968
11039,-208.536846744
11040,265.844947524
11041,-86.1964595005
11042,-456.010617922
11043,-377.730047201
11044,277.55668897
11045,-98.2881655686
11046,-258.677418233
11047,508.513021647
11048,-27.8294667674
11049,-397.838225224
11050,27.294231548
11051,55.4609069629
11052,86.524439615
11053,-417.718267064
11054,265.074692174
11055,126.495379801
11056,-731.233799893
11057,26.7685290704
11058,15.1724249655
11059,603.149177054
11060,-68.5103690858
11061,-630.158849739
11062,391.439895045
11063,191.267397713
11064,-82.799158898
11065,874.279835572
11066,130.102209656
11067,24.8252576298
11068,10.0156845555
11069,407.553551951
11070,184.93372245
11071,699.401340355
11072,12.8741821712
11073,-569.795031205
11074,-60.6182675303
11075,-96.5894429259
11076,19.6607083574
11077,30.2259690501
11078,-107.068582148
11079,-23.4481530233
11080,-16.5634897551
11081,18.7673179986
11082,145.950381822
11083,-428.102756601
11084,-158.17477611
11085,-44.3780808968
11086,-411.299770545
11087,218.421018082
11088,141.245307845
11089,316.634755971
11090,93.6802398254
11091,154.164054026
11092,-132.920250236
11093,-293.873571395
11094,485.306345588
11095,-271.229481507
11096,373.383147178
11097,-359.669598756
11098,-459.992304451
11099,209.053698523
11100,46.7400835149
11101,-767.896543599
11102,-153.969466826
11103,-66.6828924616
11104,-15.9440350809
11105,16.075984345
11106,157.038936702
11107,585.657863559
11108,-259.638105979
11109,264.486466693
11110,171.5586507
11111,182.065725545
11112,-336.883373361
11113,-403.238538703
11114,114.577725108
11115,161.836443496
11116,-628.044701
11117,242.011753055
11118,362.863036118
11119,60.7137064042
11120,-359.311231213
11121,-379.081879506
11122,237.83778495
11123,-293.41750914
11124,-397.451379203
11125,159.588856051
11126,365.037475214
11127,-720.61284649
11128,500.164865771
11129,-11.2658100062
11130,-69.3550150252
11131,250.86562156
11132,-169.306785408
11133,120.437206927
11134,-39.9531578254
11135,-520.879066
11136,-631.106105345
11137,-189.451287246
11138,73.5707873664
11139,39.6381319363
11140,-459.837438775
11141,4.0290717235
11142,-197.448899657
11143,62.3897425691
11144,-186.445352369
11145,-133.608220196
11146,305.022978953
11147,-46.0224675921
11148,-42.281475985
11149,-174.61342314
11150,-221.817424278
11151,-177.582553715
11152,-1.64577916021
11153,92.1956147289
11154,380.636643348
11155,5.17628553351
11156,-43.2641378604
11157,138.569097683
11158,-644.237339972
11159,-264.052648541
11160,388.077111336
11161,-314.575503968
11162,68.5957788537
11163,313.902505959
11164,-174.136380006
11165,75.2450609172
11166,-48.3004965348
11167,366.328134931
11168,-300.953175225
11169,52.2954749728
11170,199.764508529
11171,-291.452138881
11172,-221.255257142
11173,-347.63373665
11174,-203.169737226
11175,-377.922975445
11176,-39.0599012387
11177,-27.6577089869
11178,-4.84006901108
11179,387.693170182
11180,173.075211009
11181,932.270401679
11182,-79.7594893497
11183,140.831977372
11184,39.6840298581
11185,443.524208044
11186,342.35994872
11187,-137.857952584
11188,596.330530491
11189,207.646926424
11190,-628.74446969
11191,498.517706499
11192,-157.93924874
11193,351.107839766
11194,21.7113335356
11195,-147.858820055
11196,204.572462749
11197,29.4746182494
11198,121.433929641
11199,-565.619935387
11200,-229.610586959
11201,-46.8044771087
11202,686.99934135
11203,-439.376008138
11204,-564.306780926
11205,-449.445238721
11206,-187.013375578
11207,63.7144707523
11208,226.532179611
11209,-238.261958866
11210,8.03175266797
11211,-360.688694185
11212,-123.993116139
11213,-388.864619463
11214,21.0258626314
11215,-301.501871256
11216,215.877408313
11217,403.51021005
11218,435.697603357
11219,-107.100920884
11220,186.046920784
11221,347.56948474
11222,258.813959115
11223,-431.375661482
11224,-169.359381981
11225,106.386680043
11226,11.4063433478
11227,362.59620403
11228,-602.207354091
11229,707.555918446
11230,202.174918782
11231,-50.3371197677
11232,-170.329423453
11233,-33.3113709039
11234,194.42983492
11235,-358.589350967
11236,-212.265353269
11237,-291.421103822
11238,295.55761895
11239,-278.973387273
11240,23.6536533001
11241,-64.4636109068
11242,-550.513067241
11243,541.343269752
11244,95.0633304113
11245,14.5982073746
11246,108.608835191
11247,-390.974709114
11248,358.666419661
11249,-656.737371355
11250,39.6217040406
11251,-112.107813976
11252,-3.9966181836
11253,-399.348778529
11254,-189.942158303
11255,25.7050032546
11256,-514.342309051
11257,42.9033889965
11258,-18.9326524216
11259,-109.3230965
11260,-32.8990917139
11261,-543.812002654
11262,402.371087031
11263,36.2443153794
11264,228.3040758
11265,346.383022277
11266,-401.222706991
11267,54.0571977314
11268,6.86223334808
11269,-3.81208056589
11270,-445.451491974
11271,162.087518743
11272,176.367525014
11273,-516.971981928
11274,189.993160093
11275,-164.457127965
11276,174.209947128
11277,-510.029776315
11278,174.78488511
11279,-352.746324327
11280,-145.46097709
11281,456.971861171
11282,-463.514890673
11283,-363.584276404
11284,-157.848082285
11285,-195.36060962
11286,152.040687757
11287,-197.092267669
11288,36.4809653687
11289,993.224877978
11290,-387.028793187
11291,-6.6165108828
11292,-272.068860886
11293,-138.59954551
11294,-105.039448613
11295,-21.5295244047
11296,91.0571991502
11297,-65.7911971495
11298,164.472877101
11299,-17.9978270275
11300,783.886659714
11301,-339.231124724
11302,-196.484563618
11303,357.21849541
11304,186.310625212
11305,138.094103684
11306,-11.6324614777
11307,175.809163734
11308,-224.617349832
11309,68.8557964119
11310,201.21113139
11311,257.871142877
11312,-432.870559517
11313,-893.999800818
11314,671.865078466
11315,-143.372649191
11316,622.238658666
11317,179.38442629
11318,553.774408892
11319,133.399221164
11320,-278.763441832
11321,-316.628040953
11322,503.415662883
11323,282.687135997
11324,-192.349790754
11325,-266.506215935
11326,28.442092692
11327,-502.810664489
11328,-284.897167818
11329,334.325396103
11330,131.855594216
11331,-163.069005275
11332,207.697810445
11333,84.5377553554
11334,26.2596290661
11335,-255.922137306
11336,51.2829027425
11337,-102.049621462
11338,160.434304106
11339,285.393355956
11340,-58.8409645217
11341,103.105349107
11342,-294.311293019
11343,376.907490778
11344,69.801866934
11345,866.000188523
11346,-39.3728965805
11347,64.6142028933
11348,-169.656034169
11349,-545.187397632
11350,-61.7696368475
11351,-497.320284534
11352,462.291110529
11353,-153.26914251
11354,-206.006941459
11355,-139.679679039
11356,-86.3160350001
11357,589.443942907
11358,213.391623655
11359,160.842692052
11360,189.143118791
11361,-353.623331681
11362,-195.461468881
11363,-130.970487848
11364,-411.897848211
11365,339.536110961
11366,278.708028579
11367,262.539330891
11368,-182.315247379
11369,312.592539884
11370,292.506966028
11371,-191.39812913
11372,97.1989658904
11373,-323.062451969
11374,-641.633523683
11375,34.4043177859
11376,332.614639545
11377,374.394290801
11378,79.740574437
11379,-175.66454148
11380,161.849779991
11381,247.709627269
11382,90.7385821924
11383,406.919542783
11384,-128.293384045
11385,131.273307555
11386,729.309441628
11387,721.951650776
11388,-177.940000634
11389,709.522902017
11390,68.4418279463
11391,-488.048106714
11392,152.745939146
11393,-239.250284783
11394,-147.280957145
11395,-45.2083185756
11396,-222.124493445
11397,-332.615283882
11398,-119.367375823
11399,411.597615374
11400,165.382883754
11401,488.275465687
11402,224.144899301
11403,57.1231932787
11404,264.665020198
11405,-126.750982945
11406,-376.206020594
11407,48.7913739178
11408,420.198064005
11409,-415.559639713
11410,-45.072678715
11411,-169.485574535
11412,744.963322661
11413,-534.18457132
11414,-151.031128091
11415,577.935865469
11416,46.7263873906
11417,311.554081806
11418,357.306376588
11419,265.41273844
11420,-253.597369025
11421,-473.88134405
11422,12.6884446059
11423,-132.5642669
11424,72.4738192035
11425,217.435805229
11426,-335.778520112
11427,-262.204624477
11428,95.5169832091
11429,-209.181920245
11430,456.635673492
11431,308.430560197
11432,-28.8537311257
11433,-358.517847151
11434,128.311726774
11435,145.624724381
11436,95.6670080342
11437,268.283540913
11438,-466.924416246
11439,-314.320949691
11440,344.740664886
11441,220.707558137
11442,-578.475523901
11443,174.809078115
11444,399.941483961
11445,732.672096633
11446,667.302730333
11447,-63.0965129827
11448,245.906522029
11449,21.7301930195
11450,-248.652640425
11451,-197.040755052
11452,-282.046472265
11453,-81.1523892576
11454,52.3653616038
11455,-2.25712677813
11456,-758.875611606
11457,213.491459122
11458,-169.271478264
11459,184.720288652
11460,256.564304975
11461,-63.2488977765
11462,-272.717871837
11463,135.794463471
11464,455.780743395
11465,-129.356376522
11466,62.8733703922
11467,-386.852937895
11468,267.227658836
11469,287.241186923
11470,-52.0997286526
11471,76.4069566484
11472,-138.162150897
11473,203.556148642
11474,15.4887110203
11475,-5.96808251697
11476,-31.644142591
11477,221.566302307
11478,-687.002318206
11479,483.784223144
11480,958.022379088
11481,191.596060929
11482,-58.5897055745
11483,259.462306204
11484,-6.31675756191
11485,-270.288469
11486,-772.464229625
11487,-146.463319262
11488,-37.781460993
11489,331.551957582
11490,570.474574112
11491,-182.599896276
11492,-356.094086607
11493,84.1429512104
11494,-115.726641799
11495,431.898381995
11496,-39.0276083609
11497,28.1633830629
11498,-54.0638534333
11499,-259.96553784
11500,157.696878205
11501,-451.573536181
11502,482.556504869
11503,242.556945209
11504,-588.11374381
11505,81.017096896
11506,325.406739444
11507,-22.0522351507
11508,-296.278504197
11509,299.051913586
11510,468.269931224
11511,-99.6074695149
11512,5.27808544717
11513,-101.947150171
11514,172.815434963
11515,-676.720752953
11516,-85.3345851982
11517,117.543695716
11518,-83.6287873883
11519,179.755627702
11520,-83.3529634745
11521,-21.4191789522
11522,292.124746243
11523,-100.163960878
11524,-295.445078243
11525,-196.199615461
11526,-90.4034979857
11527,-58.1141240949
11528,-400.379344698
11529,236.32717533
11530,-312.004890539
11531,448.899047373
11532,202.735505077
11533,94.9287545629
11534,60.2473079175
11535,-149.436632491
11536,406.783381466
11537,600.812026536
11538,-23.2635594608
11539,-565.312706906
11540,156.440691726
11541,648.621546624
11542,405.719796469
11543,261.805831369
11544,22.356083935
11545,238.412474732
11546,164.568023753
11547,-83.3467411486
11548,209.774919824
11549,-198.974377415
11550,-78.7347321034
11551,27.7324881019
11552,450.316795075
11553,-78.3152055801
11554,-267.638906334
11555,348.331874455
11556,-404.455039174
11557,330.095939494
11558,-532.970558744
11559,530.166722833
11560,-741.056804641
11561,478.649523447
11562,164.631879214
11563,-449.710753147
11564,-412.114811078
11565,219.127739075
11566,-378.689309503
11567,368.733388055
11568,37.3384269585
11569,396.493495004
11570,-29.3297947185
11571,35.4752518391
11572,-267.291075557
11573,-417.346579791
11574,-250.301065277
11575,-228.957200092
11576,692.251347338
11577,-411.157372066
11578,482.321178882
11579,109.403869223
11580,547.620581514
11581,179.884265085
11582,-521.57931019
11583,-0.536672220207
11584,-1.31088327428
11585,-248.050831456
11586,-243.06806182
11587,199.567300752
11588,381.324043257
11589,-393.168803887
11590,138.232452761
11591,34.241055698
11592,-4.62915461412
11593,-151.861931282
11594,335.546372227
11595,-93.1452980827
11596,507.753218664
11597,-355.465620534
11598,143.089784382
11599,137.946884036
11600,-151.046006044
11601,-19.6017736925
11602,105.848827134
11603,-172.785189981
11604,482.12726371
11605,-267.539174133
11606,39.9055557861
11607,-52.8557965311
11608,-21.2224467312
11609,155.379893461
11610,-96.069277835
11611,-163.175304097
11612,-180.365739774
11613,-264.678434524
11614,171.427951646
11615,-11.4577133629
11616,239.997341907
11617,-39.8499538384
11618,-211.741606558
11619,-354.169356174
11620,72.4794629521
11621,306.82020444
11622,10.7102384792
11623,-367.951642997
11624,280.998678285
11625,607.134278995
11626,226.078666957
11627,565.929638015
11628,-147.76747217
11629,-314.037560275
11630,-180.045535252
11631,51.2709773799
11632,-118.819842214
11633,-258.260621943
11634,-229.837130202
11635,200.364758623
11636,-348.071417564
11637,-584.860865973
11638,-4.92987683103
11639,-163.442214817
11640,87.0275192986
11641,41.5666350435
11642,-494.890463777
11643,-60.887711203
11644,-173.55136972
11645,181.26452118
11646,-51.3257090868
11647,43.9509973052
11648,-517.981813486
11649,-355.552666903
11650,272.402166877
11651,490.630383447
11652,-37.2347068678
11653,100.191781177
11654,32.2647431167
11655,342.383995895
11656,-274.383996406
11657,-461.599480182
11658,399.117818816
11659,59.9416624193
11660,-119.026937963
11661,-281.709051597
11662,-127.628684448
11663,-556.581910178
11664,-79.3792344122
11665,-84.2839875518
11666,-212.858154334
11667,72.2985846798
11668,-416.45899892
11669,-151.392770668
11670,-112.943257467
11671,-386.997605368
11672,553.349713365
11673,-80.9378345809
11674,265.605164512
11675,498.064505042
11676,447.883407677
11677,-162.953388634
11678,121.203515207
11679,106.023428458
11680,340.506355415
11681,4.31441676278
11682,-92.6478366917
11683,-354.129577129
11684,214.007476532
11685,-345.691428742
11686,-271.802208629
11687,426.309077378
11688,-37.7575071705
11689,-180.463457238
11690,-97.5823107881
11691,347.822313234
11692,-237.013090804
11693,118.123118701
11694,681.476667939
11695,275.663344891
11696,185.1648164
11697,-13.1593633673
11698,274.072247487
11699,178.761029656
11700,-178.980395161
11701,391.842517586
11702,-308.949941097
11703,-324.836215948
11704,262.087135743
11705,398.521064094
11706,-368.254880433
11707,-181.182511438
11708,-166.413472087
11709,68.9875525873
11710,-249.490128784
11711,443.603374843
11712,13.6504598839
11713,-212.530378524
11714,-27.9154187122
11715,-240.799821846
11716,-142.883091448
11717,-285.834304391
11718,460.63166868
11719,-225.1078803
11720,97.8265193286
11721,350.587256874
11722,378.823851668
11723,-3.88484552527
11724,-260.948288567
11725,-64.5615861738
11726,-270.603284167
11727,-569.420747694
11728,142.468383995
11729,228.152317927
11730,170.905894053
11731,-88.7330059812
11732,179.585145969
11733,176.78682556
11734,-56.2705743482
11735,-185.872587297
11736,100.446587311
11737,-63.6621795456
11738,623.206113997
11739,-122.168981054
11740,-216.572641268
11741,-130.980974501
11742,-293.826658589
11743,167.923843627
11744,9.25950759341
11745,-587.49569626
11746,304.724809418
11747,251.463595117
11748,-304.060967745
11749,108.043369575
11750,-218.671899798
11751,-105.130183885
11752,121.356331087
11753,-302.964041349
11754,529.661639929
11755,-224.550111151
11756,688.8598021
11757,121.621408407
11758,495.863309637
11759,-104.897008003
11760,-39.4036928277
11761,-218.433938409
11762,-242.075429238
11763,328.469173662
11764,-121.570623224
11765,-351.961327236
11766,235.89654336
11767,211.843316134
11768,581.985908383
11769,-187.816851767
11770,-88.2035305628
11771,-121.263182822
11772,-682.344931536
11773,-61.4559935716
11774,69.009041339
11775,132.894872847
11776,41.6468207435
11777,-513.169824883
11778,216.743440923
11779,-533.808787887
11780,-467.103065032
11781,39.6939896551
11782,178.84483759
11783,-255.912684361
11784,468.690972013
11785,-959.145867517
11786,201.862511916
11787,-282.568707076
11788,-392.434951567
11789,-219.687757798
11790,169.593022668
11791,-21.8956657693
11792,-242.279922287
11793,35.5888607513
11794,336.44033353
11795,-63.33152033
11796,-4.44604827379
11797,-312.315365715
11798,14.5814155719
11799,-258.223512735
11800,725.83879133
11801,-303.82806462
11802,-726.184522064
11803,93.4226836944
11804,92.7979825837
11805,342.412329251
11806,856.182539434
11807,-54.8831470622
11808,-213.137206414
11809,-365.083548885
11810,-733.481962003
11811,-206.058381936
11812,-418.27223526
11813,358.804469471
11814,-260.622345325
11815,546.234572259
11816,187.449486656
11817,-22.0339829008
11818,88.7305170234
11819,-243.138479785
11820,-41.379666279
11821,-543.62402412
11822,840.806035467
11823,402.824221819
11824,79.4207055955
11825,473.389794264
11826,-57.6454900468
11827,210.112867272
11828,-185.757452901
11829,22.7691380036
11830,940.746834077
11831,-442.706667802
11832,-475.244782252
11833,-339.994283982
11834,541.64636473
11835,333.499079565
11836,-765.496253379
11837,91.1931891809
11838,164.45073229
11839,274.612833123
11840,263.188253898
11841,303.622334677
11842,-92.189525538
11843,208.973713376
11844,-170.03419051
11845,41.558196358
11846,-670.83136511
11847,452.659377704
11848,741.810261254
11849,420.552411504
11850,400.353002448
11851,-181.642395756
11852,162.046358402
11853,2.74809360933
11854,534.690644633
11855,145.059368744
11856,245.639773524
11857,192.706336636
11858,486.573986372
11859,525.269999985
11860,172.001591428
11861,342.561914714
11862,-338.448809895
11863,99.9713350438
11864,-176.901717817
11865,316.426010204
11866,-637.463241121
11867,74.5333573639
11868,-319.609354183
11869,-234.07357197
11870,238.831763246
11871,684.299515854
11872,-273.393946906
11873,229.493873828
11874,-191.428051818
11875,591.736550901
11876,-357.717076958
11877,279.349202799
11878,16.3853469824
11879,1015.23210712
11880,-44.2476486701
11881,-259.12038485
11882,6.68631257118
11883,113.4176595
11884,164.369060429
11885,-219.790910643
11886,-50.9121501652
11887,234.693784829
11888,-225.746047156
11889,-124.56806112
11890,89.3308063459
11891,-24.0398223212
11892,949.813850917
11893,21.6852932429
11894,-333.066915622
11895,51.6352667711
11896,-328.747058918
11897,-622.233561824
11898,-406.825723267
11899,-126.380838162
11900,-298.356834044
11901,-494.632402733
11902,579.022340758
11903,170.424895122
11904,160.451272789
11905,-127.532457509
11906,116.512607492
11907,137.244836895
11908,-1.23512630563
11909,613.250818397
11910,435.234480861
11911,160.3869671
11912,-185.47388977
11913,188.640655994
11914,-610.560351317
11915,23.7146571864
11916,-97.9046914046
11917,-120.613454086
11918,353.078717336
11919,-18.4428875053
11920,-120.285468934
11921,15.3929101039
11922,185.806968048
11923,845.652763006
11924,349.459328771
11925,45.892637237
11926,-7.237928751
11927,-164.716170834
11928,107.29963693
11929,-99.6000997811
11930,48.6163692693
11931,41.1997060437
11932,661.673217096
11933,305.95898795
11934,500.411075587
11935,-231.160992176
11936,334.177732499
11937,-326.402342663
11938,-574.180619584
11939,148.540872709
11940,613.987882591
11941,184.52036742
11942,-216.100467259
11943,-616.073528323
11944,127.469840674
11945,-96.8815543928
11946,-167.712037844
11947,-349.946994886
11948,6.61486712693
11949,543.279706407
11950,-362.781031468
11951,-330.057419495
11952,347.014548736
11953,526.430773293
11954,-69.3425203046
11955,368.089429325
11956,381.723719642
11957,345.852840328
11958,-204.689813189
11959,157.897218319
11960,-967.383364218
11961,527.954819758
11962,-338.849605786
11963,609.181138602
11964,381.11662059
11965,-18.3515832402
11966,-92.2429183078
11967,-166.086865516
11968,-173.939599458
11969,-221.137342043
11970,-228.376122451
11971,198.061606809
11972,-713.006476934
11973,-89.6818647418
11974,-480.004570168
11975,-271.733395923
11976,565.323639937
11977,96.1114826323
11978,178.61335857
11979,-61.1743324547
11980,-368.69168724
11981,4.84774657818
11982,414.413821344
11983,-760.318316793
11984,84.9127153269
11985,-251.84732552
11986,280.70758459
11987,-391.250278251
11988,608.49911717
11989,-27.8084606072
11990,-123.414119269
11991,-130.829244194
11992,18.5530688926
11993,-433.165375877
11994,-303.709126116
11995,464.715254985
11996,496.485334467
11997,-35.1354094158
11998,-131.679184534
11999,417.269154621
